"AccountExpirationDate","accountExpires","AccountLockoutTime","AccountNotDelegated","adminCount","AllowReversiblePasswordEncryption","AuthenticationPolicy","AuthenticationPolicySilo","BadLogonCount","badPasswordTime","badPwdCount","CannotChangePassword","CanonicalName","Certificates","City","CN","codePage","Company","CompoundIdentitySupported","Country","countryCode","Created","createTimeStamp","Deleted","Department","Description","DisplayName","DistinguishedName","Division","DoesNotRequirePreAuth","dSCorePropagationData","EmailAddress","EmployeeID","EmployeeNumber","Enabled","Fax","GivenName","HomeDirectory","HomedirRequired","HomeDrive","HomePage","HomePhone","Initials","instanceType","isCriticalSystemObject","isDeleted","KerberosEncryptionType","LastBadPasswordAttempt","LastKnownParent","lastLogoff","lastLogon","LastLogonDate","lastLogonTimestamp","LockedOut","logonCount","LogonWorkstations","Manager","MemberOf","MNSLogonAccount","MobilePhone","Modified","modifyTimeStamp","msDS-User-Account-Control-Computed","Name","nTSecurityDescriptor","ObjectCategory","ObjectClass","ObjectGUID","objectSid","Office","OfficePhone","Organization","OtherName","PasswordExpired","PasswordLastSet","PasswordNeverExpires","PasswordNotRequired","POBox","PostalCode","PrimaryGroup","primaryGroupID","PrincipalsAllowedToDelegateToAccount","ProfilePath","ProtectedFromAccidentalDeletion","pwdLastSet","SamAccountName","sAMAccountType","ScriptPath","sDRightsEffective","ServicePrincipalNames","SID","SIDHistory","SmartcardLogonRequired","State","StreetAddress","Surname","Title","TrustedForDelegation","TrustedToAuthForDelegation","UseDESKeyOnly","userAccountControl","userCertificate","UserPrincipalName","uSNChanged","uSNCreated","whenChanged","whenCreated"
,"9223372036854775807",,"False","1","False","Microsoft.ActiveDirectory.Management.ADPropertyValueCollection","Microsoft.ActiveDirectory.Management.ADPropertyValueCollection","0","0","0","False","asap.corp.com/Users/Administrator","Microsoft.ActiveDirectory.Management.ADPropertyValueCollection",,"Administrator","0",,"Microsoft.ActiveDirectory.Management.ADPropertyValueCollection",,"0","5/14/2026 5:26:20 AM","5/14/2026 5:26:20 AM",,,"Built-in account for administering the computer/domain",,"CN=Administrator,CN=Users,DC=asap,DC=corp,DC=com",,"False","Microsoft.ActiveDirectory.Management.ADPropertyValueCollection",,,,"True",,,,"False",,,,,"4","True",,"Microsoft.ActiveDirectory.Management.ADPropertyValueCollection",,,"0","134236523736727632","5/14/2026 5:30:41 AM","134232354414271667","False","11",,,"Microsoft.ActiveDirectory.Management.ADPropertyValueCollection","False",,"5/14/2026 5:42:51 AM","5/14/2026 5:42:51 AM","0","Administrator","System.DirectoryServices.ActiveDirectorySecurity","CN=Person,CN=Schema,CN=Configuration,DC=asap,DC=corp,DC=com","user","5b69d35c-c05b-486e-9ff9-ee016010f372","S-1-5-21-1686005184-2479955956-1463047001-500",,,,,"False","5/14/2026 11:52:01 AM","True","False",,,"CN=Domain Users,CN=Users,DC=asap,DC=corp,DC=com","513","Microsoft.ActiveDirectory.Management.ADPropertyValueCollection",,"False","134232583212812347","Administrator","805306368",,"15","Microsoft.ActiveDirectory.Management.ADPropertyValueCollection","S-1-5-21-1686005184-2479955956-1463047001-500","Microsoft.ActiveDirectory.Management.ADPropertyValueCollection","False",,,,,"False","False","False","66048","Microsoft.ActiveDirectory.Management.ADPropertyValueCollection",,"12823","8196","5/14/2026 5:42:51 AM","5/14/2026 5:26:20 AM"
,"9223372036854775807",,"False",,"False","Microsoft.ActiveDirectory.Management.ADPropertyValueCollection","Microsoft.ActiveDirectory.Management.ADPropertyValueCollection","0","0","0","False","asap.corp.com/Users/Guest","Microsoft.ActiveDirectory.Management.ADPropertyValueCollection",,"Guest","0",,"Microsoft.ActiveDirectory.Management.ADPropertyValueCollection",,"0","5/14/2026 5:26:20 AM","5/14/2026 5:26:20 AM",,,"Built-in account for guest access to the computer/domain",,"CN=Guest,CN=Users,DC=asap,DC=corp,DC=com",,"False","Microsoft.ActiveDirectory.Management.ADPropertyValueCollection",,,,"False",,,,"False",,,,,"4","True",,"Microsoft.ActiveDirectory.Management.ADPropertyValueCollection",,,"0","0",,,"False","0",,,"Microsoft.ActiveDirectory.Management.ADPropertyValueCollection","False",,"5/14/2026 5:26:20 AM","5/14/2026 5:26:20 AM","0","Guest","System.DirectoryServices.ActiveDirectorySecurity","CN=Person,CN=Schema,CN=Configuration,DC=asap,DC=corp,DC=com","user","118296da-74da-49ea-a491-c3e1cce2bc0e","S-1-5-21-1686005184-2479955956-1463047001-501",,,,,"False",,"True","True",,,"CN=Domain Guests,CN=Users,DC=asap,DC=corp,DC=com","514","Microsoft.ActiveDirectory.Management.ADPropertyValueCollection",,"False","0","Guest","805306368",,"15","Microsoft.ActiveDirectory.Management.ADPropertyValueCollection","S-1-5-21-1686005184-2479955956-1463047001-501","Microsoft.ActiveDirectory.Management.ADPropertyValueCollection","False",,,,,"False","False","False","66082","Microsoft.ActiveDirectory.Management.ADPropertyValueCollection",,"8197","8197","5/14/2026 5:26:20 AM","5/14/2026 5:26:20 AM"
,"9223372036854775807",,"False","1","False","Microsoft.ActiveDirectory.Management.ADPropertyValueCollection","Microsoft.ActiveDirectory.Management.ADPropertyValueCollection","0","0","0","False","asap.corp.com/Users/krbtgt","Microsoft.ActiveDirectory.Management.ADPropertyValueCollection",,"krbtgt","0",,"Microsoft.ActiveDirectory.Management.ADPropertyValueCollection",,"0","5/14/2026 5:27:41 AM","5/14/2026 5:27:41 AM",,,"Key Distribution Center Service Account",,"CN=krbtgt,CN=Users,DC=asap,DC=corp,DC=com",,"False","Microsoft.ActiveDirectory.Management.ADPropertyValueCollection",,,,"False",,,,"False",,,,,"4","True",,"Microsoft.ActiveDirectory.Management.ADPropertyValueCollection",,,"0","0",,,"False","0",,,"Microsoft.ActiveDirectory.Management.ADPropertyValueCollection","False",,"5/14/2026 5:42:51 AM","5/14/2026 5:42:51 AM","0","krbtgt","System.DirectoryServices.ActiveDirectorySecurity","CN=Person,CN=Schema,CN=Configuration,DC=asap,DC=corp,DC=com","user","2acbe16f-7623-454a-8730-c72fcfe88572","S-1-5-21-1686005184-2479955956-1463047001-502",,,,,"False","5/14/2026 5:27:41 AM","False","False",,,"CN=Domain Users,CN=Users,DC=asap,DC=corp,DC=com","513","Microsoft.ActiveDirectory.Management.ADPropertyValueCollection",,"False","134232352613721279","krbtgt","805306368",,"15","Microsoft.ActiveDirectory.Management.ADPropertyValueCollection","S-1-5-21-1686005184-2479955956-1463047001-502","Microsoft.ActiveDirectory.Management.ADPropertyValueCollection","False",,,,,"False","False","False","514","Microsoft.ActiveDirectory.Management.ADPropertyValueCollection",,"12837","12324","5/14/2026 5:42:51 AM","5/14/2026 5:27:41 AM"
,"9223372036854775807",,"False",,"False","Microsoft.ActiveDirectory.Management.ADPropertyValueCollection","Microsoft.ActiveDirectory.Management.ADPropertyValueCollection","0","0","0","False","asap.corp.com/Jason","Microsoft.ActiveDirectory.Management.ADPropertyValueCollection",,"Jason","0",,"Microsoft.ActiveDirectory.Management.ADPropertyValueCollection",,"0","5/14/2026 5:39:51 AM","5/14/2026 5:39:51 AM",,,,"Jason","CN=Jason,DC=asap,DC=corp,DC=com",,"False","Microsoft.ActiveDirectory.Management.ADPropertyValueCollection",,,,"True",,"Jason",,"False",,,,,"4",,,"Microsoft.ActiveDirectory.Management.ADPropertyValueCollection",,,"0","134235884075237993","5/14/2026 5:48:25 AM","134232365051781784","False","6",,,"Microsoft.ActiveDirectory.Management.ADPropertyValueCollection","False",,"5/14/2026 5:48:25 AM","5/14/2026 5:48:25 AM","0","Jason","System.DirectoryServices.ActiveDirectorySecurity","CN=Person,CN=Schema,CN=Configuration,DC=asap,DC=corp,DC=com","user","74514867-c872-473d-adea-acd3584bd604","S-1-5-21-1686005184-2479955956-1463047001-1107",,,,,"False","5/14/2026 5:39:51 AM","False","False",,,"CN=Domain Users,CN=Users,DC=asap,DC=corp,DC=com","513","Microsoft.ActiveDirectory.Management.ADPropertyValueCollection",,"False","134232359915021759","jason","805306368",,"15","Microsoft.ActiveDirectory.Management.ADPropertyValueCollection","S-1-5-21-1686005184-2479955956-1463047001-1107","Microsoft.ActiveDirectory.Management.ADPropertyValueCollection","False",,,,,"False","False","False","512","Microsoft.ActiveDirectory.Management.ADPropertyValueCollection","jason@asap.corp.com","12856","12791","5/14/2026 5:48:25 AM","5/14/2026 5:39:51 AM"
,"9223372036854775807",,"False",,"False","Microsoft.ActiveDirectory.Management.ADPropertyValueCollection","Microsoft.ActiveDirectory.Management.ADPropertyValueCollection","0","0","0","False","asap.corp.com/Judith","Microsoft.ActiveDirectory.Management.ADPropertyValueCollection",,"Judith","0",,"Microsoft.ActiveDirectory.Management.ADPropertyValueCollection",,"0","5/14/2026 5:40:34 AM","5/14/2026 5:40:34 AM",,,,"Judith","CN=Judith,DC=asap,DC=corp,DC=com",,"False","Microsoft.ActiveDirectory.Management.ADPropertyValueCollection",,,,"True",,"Judith",,"False",,,,,"4",,,"Microsoft.ActiveDirectory.Management.ADPropertyValueCollection",,,"0","0",,,"False","0",,,"Microsoft.ActiveDirectory.Management.ADPropertyValueCollection","False",,"5/14/2026 5:40:34 AM","5/14/2026 5:40:34 AM","0","Judith","System.DirectoryServices.ActiveDirectorySecurity","CN=Person,CN=Schema,CN=Configuration,DC=asap,DC=corp,DC=com","user","c4d1115e-635b-4a48-94d4-979b41fe9cb3","S-1-5-21-1686005184-2479955956-1463047001-1108",,,,,"False","5/14/2026 5:40:34 AM","False","False",,,"CN=Domain Users,CN=Users,DC=asap,DC=corp,DC=com","513","Microsoft.ActiveDirectory.Management.ADPropertyValueCollection",,"False","134232360341273302","Judith","805306368",,"15","Microsoft.ActiveDirectory.Management.ADPropertyValueCollection","S-1-5-21-1686005184-2479955956-1463047001-1108","Microsoft.ActiveDirectory.Management.ADPropertyValueCollection","False",,,,,"False","False","False","512","Microsoft.ActiveDirectory.Management.ADPropertyValueCollection","Judith@asap.corp.com","12803","12798","5/14/2026 5:40:34 AM","5/14/2026 5:40:34 AM"
,"9223372036854775807",,"False",,"False","Microsoft.ActiveDirectory.Management.ADPropertyValueCollection","Microsoft.ActiveDirectory.Management.ADPropertyValueCollection","0","0","0","False","asap.corp.com/Jaye","Microsoft.ActiveDirectory.Management.ADPropertyValueCollection",,"Jaye","0",,"Microsoft.ActiveDirectory.Management.ADPropertyValueCollection",,"0","5/14/2026 5:41:26 AM","5/14/2026 5:41:26 AM",,,,"Jaye","CN=Jaye,DC=asap,DC=corp,DC=com",,"False","Microsoft.ActiveDirectory.Management.ADPropertyValueCollection",,,,"True",,"Jaye",,"False",,,,,"4",,,"Microsoft.ActiveDirectory.Management.ADPropertyValueCollection",,,"0","0",,,"False","0",,,"Microsoft.ActiveDirectory.Management.ADPropertyValueCollection","False",,"5/14/2026 5:41:26 AM","5/14/2026 5:41:26 AM","0","Jaye","System.DirectoryServices.ActiveDirectorySecurity","CN=Person,CN=Schema,CN=Configuration,DC=asap,DC=corp,DC=com","user","f07efdc3-ed1a-4654-8e8e-8dbb3a3a7dfd","S-1-5-21-1686005184-2479955956-1463047001-1109",,,,,"False","5/14/2026 5:41:26 AM","False","False",,,"CN=Domain Users,CN=Users,DC=asap,DC=corp,DC=com","513","Microsoft.ActiveDirectory.Management.ADPropertyValueCollection",,"False","134232360868615712","Jaye","805306368",,"15","Microsoft.ActiveDirectory.Management.ADPropertyValueCollection","S-1-5-21-1686005184-2479955956-1463047001-1109","Microsoft.ActiveDirectory.Management.ADPropertyValueCollection","False",,,,,"False","False","False","512","Microsoft.ActiveDirectory.Management.ADPropertyValueCollection","Jaye@asap.corp.com","12810","12805","5/14/2026 5:41:26 AM","5/14/2026 5:41:26 AM"
,"9223372036854775807",,"False",,"False","Microsoft.ActiveDirectory.Management.ADPropertyValueCollection","Microsoft.ActiveDirectory.Management.ADPropertyValueCollection","0","0","0","False","asap.corp.com/Jeff","Microsoft.ActiveDirectory.Management.ADPropertyValueCollection",,"Jeff","0",,"Microsoft.ActiveDirectory.Management.ADPropertyValueCollection",,"0","5/14/2026 5:42:21 AM","5/14/2026 5:42:21 AM",,,,"Jeff","CN=Jeff,DC=asap,DC=corp,DC=com",,"False","Microsoft.ActiveDirectory.Management.ADPropertyValueCollection",,,,"True",,"Jeff",,"False",,,,,"4",,,"Microsoft.ActiveDirectory.Management.ADPropertyValueCollection",,,"0","0",,,"False","0",,,"Microsoft.ActiveDirectory.Management.ADPropertyValueCollection","False",,"5/14/2026 5:42:21 AM","5/14/2026 5:42:21 AM","0","Jeff","System.DirectoryServices.ActiveDirectorySecurity","CN=Person,CN=Schema,CN=Configuration,DC=asap,DC=corp,DC=com","user","79658749-d87c-4bf1-89f9-032ee2ff0d56","S-1-5-21-1686005184-2479955956-1463047001-1110",,,,,"False","5/14/2026 5:42:21 AM","False","False",,,"CN=Domain Users,CN=Users,DC=asap,DC=corp,DC=com","513","Microsoft.ActiveDirectory.Management.ADPropertyValueCollection",,"False","134232361418932558","Jeff","805306368",,"15","Microsoft.ActiveDirectory.Management.ADPropertyValueCollection","S-1-5-21-1686005184-2479955956-1463047001-1110","Microsoft.ActiveDirectory.Management.ADPropertyValueCollection","False",,,,,"False","False","False","512","Microsoft.ActiveDirectory.Management.ADPropertyValueCollection","Jeff@asap.corp.com","12817","12812","5/14/2026 5:42:21 AM","5/14/2026 5:42:21 AM"
,"9223372036854775807",,"False",,"False","Microsoft.ActiveDirectory.Management.ADPropertyValueCollection","Microsoft.ActiveDirectory.Management.ADPropertyValueCollection","0","0","0","False","asap.corp.com/Users/Kobina Ansah","Microsoft.ActiveDirectory.Management.ADPropertyValueCollection",,"Kobina Ansah","0",,"Microsoft.ActiveDirectory.Management.ADPropertyValueCollection",,"0","5/18/2026 5:45:17 AM","5/18/2026 5:45:17 AM",,,,,"CN=Kobina Ansah,CN=Users,DC=asap,DC=corp,DC=com",,"False","Microsoft.ActiveDirectory.Management.ADPropertyValueCollection",,,,"False",,"Kobina",,"False",,,,,"4",,,"Microsoft.ActiveDirectory.Management.ADPropertyValueCollection",,,"0","0",,,"False","0",,,"Microsoft.ActiveDirectory.Management.ADPropertyValueCollection","False",,"5/18/2026 11:46:34 PM","5/18/2026 11:46:34 PM","0","Kobina Ansah","System.DirectoryServices.ActiveDirectorySecurity","CN=Person,CN=Schema,CN=Configuration,DC=asap,DC=corp,DC=com","user","dd0825bd-05ca-4b8a-9808-b685be737d09","S-1-5-21-1686005184-2479955956-1463047001-1112",,,,,"False","5/18/2026 5:45:17 AM","False","False",,,"CN=Domain Users,CN=Users,DC=asap,DC=corp,DC=com","513","Microsoft.ActiveDirectory.Management.ADPropertyValueCollection",,"False","134235819178732242","KobinaAnsah","805306368",,"15","Microsoft.ActiveDirectory.Management.ADPropertyValueCollection","S-1-5-21-1686005184-2479955956-1463047001-1112","Microsoft.ActiveDirectory.Management.ADPropertyValueCollection","False",,,"Ansah",,"False","False","False","514","Microsoft.ActiveDirectory.Management.ADPropertyValueCollection","Kobinaansah@asap.corp.com","24639","16414","5/18/2026 11:46:34 PM","5/18/2026 5:45:17 AM"
,"9223372036854775807",,"False",,"False","Microsoft.ActiveDirectory.Management.ADPropertyValueCollection","Microsoft.ActiveDirectory.Management.ADPropertyValueCollection","0","0","0","False","asap.corp.com/IT/John Smith","Microsoft.ActiveDirectory.Management.ADPropertyValueCollection",,"John Smith","0",,"Microsoft.ActiveDirectory.Management.ADPropertyValueCollection",,"0","5/18/2026 7:17:44 AM","5/18/2026 7:17:44 AM",,,,,"CN=John Smith,OU=IT,DC=asap,DC=corp,DC=com",,"False","Microsoft.ActiveDirectory.Management.ADPropertyValueCollection",,,,"True",,"John",,"False",,,,,"4",,,"Microsoft.ActiveDirectory.Management.ADPropertyValueCollection",,,"0","0",,,"False","0",,,"Microsoft.ActiveDirectory.Management.ADPropertyValueCollection","False",,"5/18/2026 7:17:44 AM","5/18/2026 7:17:44 AM","0","John Smith","System.DirectoryServices.ActiveDirectorySecurity","CN=Person,CN=Schema,CN=Configuration,DC=asap,DC=corp,DC=com","user","fd7b51c3-2446-4690-ad32-0a39810dcb7e","S-1-5-21-1686005184-2479955956-1463047001-1117",,,,,"False","5/18/2026 7:17:44 AM","False","False",,,"CN=Domain Users,CN=Users,DC=asap,DC=corp,DC=com","513","Microsoft.ActiveDirectory.Management.ADPropertyValueCollection",,"False","134235874647883641","jsmith2","805306368",,"15","Microsoft.ActiveDirectory.Management.ADPropertyValueCollection","S-1-5-21-1686005184-2479955956-1463047001-1117","Microsoft.ActiveDirectory.Management.ADPropertyValueCollection","False",,,"Smith",,"False","False","False","512","Microsoft.ActiveDirectory.Management.ADPropertyValueCollection","jsmith2@asap.corp.com","16469","16465","5/18/2026 7:17:44 AM","5/18/2026 7:17:44 AM"
,"9223372036854775807",,"False",,"False","Microsoft.ActiveDirectory.Management.ADPropertyValueCollection","Microsoft.ActiveDirectory.Management.ADPropertyValueCollection","0","0","0","False","asap.corp.com/HR/Ama Mensah","Microsoft.ActiveDirectory.Management.ADPropertyValueCollection",,"Ama Mensah","0",,"Microsoft.ActiveDirectory.Management.ADPropertyValueCollection",,"0","5/18/2026 7:17:44 AM","5/18/2026 7:17:44 AM",,,,,"CN=Ama Mensah,OU=HR,DC=asap,DC=corp,DC=com",,"False","Microsoft.ActiveDirectory.Management.ADPropertyValueCollection",,,,"True",,"Ama",,"False",,,,,"4",,,"Microsoft.ActiveDirectory.Management.ADPropertyValueCollection",,,"0","0",,,"False","0",,,"Microsoft.ActiveDirectory.Management.ADPropertyValueCollection","False",,"5/18/2026 7:17:44 AM","5/18/2026 7:17:44 AM","0","Ama Mensah","System.DirectoryServices.ActiveDirectorySecurity","CN=Person,CN=Schema,CN=Configuration,DC=asap,DC=corp,DC=com","user","7eeffb4e-0073-4d54-98e2-dcc6659f1513","S-1-5-21-1686005184-2479955956-1463047001-1118",,,,,"False","5/18/2026 7:17:44 AM","False","False",,,"CN=Domain Users,CN=Users,DC=asap,DC=corp,DC=com","513","Microsoft.ActiveDirectory.Management.ADPropertyValueCollection",,"False","134235874649444054","amensah","805306368",,"15","Microsoft.ActiveDirectory.Management.ADPropertyValueCollection","S-1-5-21-1686005184-2479955956-1463047001-1118","Microsoft.ActiveDirectory.Management.ADPropertyValueCollection","False",,,"Mensah",,"False","False","False","512","Microsoft.ActiveDirectory.Management.ADPropertyValueCollection","amensah@asap.corp.com","16475","16471","5/18/2026 7:17:44 AM","5/18/2026 7:17:44 AM"
,"9223372036854775807",,"False",,"False","Microsoft.ActiveDirectory.Management.ADPropertyValueCollection","Microsoft.ActiveDirectory.Management.ADPropertyValueCollection","0","0","0","False","asap.corp.com/Finance/Kwame Fordjour","Microsoft.ActiveDirectory.Management.ADPropertyValueCollection",,"Kwame Fordjour","0",,"Microsoft.ActiveDirectory.Management.ADPropertyValueCollection",,"0","5/18/2026 7:17:45 AM","5/18/2026 7:17:45 AM",,,,,"CN=Kwame Fordjour,OU=Finance,DC=asap,DC=corp,DC=com",,"False","Microsoft.ActiveDirectory.Management.ADPropertyValueCollection",,,,"True",,"Kwame",,"False",,,,,"4",,,"Microsoft.ActiveDirectory.Management.ADPropertyValueCollection",,,"0","0",,,"False","0",,,"Microsoft.ActiveDirectory.Management.ADPropertyValueCollection","False",,"5/18/2026 7:17:45 AM","5/18/2026 7:17:45 AM","0","Kwame Fordjour","System.DirectoryServices.ActiveDirectorySecurity","CN=Person,CN=Schema,CN=Configuration,DC=asap,DC=corp,DC=com","user","f3fd0af7-9d11-49ca-a6a1-e81ccae38890","S-1-5-21-1686005184-2479955956-1463047001-1119",,,,,"False","5/18/2026 7:17:45 AM","False","False",,,"CN=Domain Users,CN=Users,DC=asap,DC=corp,DC=com","513","Microsoft.ActiveDirectory.Management.ADPropertyValueCollection",,"False","134235874650381312","kfordjour","805306368",,"15","Microsoft.ActiveDirectory.Management.ADPropertyValueCollection","S-1-5-21-1686005184-2479955956-1463047001-1119","Microsoft.ActiveDirectory.Management.ADPropertyValueCollection","False",,,"Fordjour",,"False","False","False","512","Microsoft.ActiveDirectory.Management.ADPropertyValueCollection","kfordjour@asap.corp.com","16481","16477","5/18/2026 7:17:45 AM","5/18/2026 7:17:45 AM"
,"9223372036854775807",,"False",,"False","Microsoft.ActiveDirectory.Management.ADPropertyValueCollection","Microsoft.ActiveDirectory.Management.ADPropertyValueCollection","0","0","0","False","asap.corp.com/Security/Sarah Brown","Microsoft.ActiveDirectory.Management.ADPropertyValueCollection",,"Sarah Brown","0",,"Microsoft.ActiveDirectory.Management.ADPropertyValueCollection",,"0","5/18/2026 7:17:45 AM","5/18/2026 7:17:45 AM",,,,,"CN=Sarah Brown,OU=Security,DC=asap,DC=corp,DC=com",,"False","Microsoft.ActiveDirectory.Management.ADPropertyValueCollection",,,,"True",,"Sarah",,"False",,,,,"4",,,"Microsoft.ActiveDirectory.Management.ADPropertyValueCollection",,,"0","0",,,"False","0",,,"Microsoft.ActiveDirectory.Management.ADPropertyValueCollection","False",,"5/18/2026 7:17:45 AM","5/18/2026 7:17:45 AM","0","Sarah Brown","System.DirectoryServices.ActiveDirectorySecurity","CN=Person,CN=Schema,CN=Configuration,DC=asap,DC=corp,DC=com","user","198ca24b-086b-4200-9a37-b9bfdc0e47cb","S-1-5-21-1686005184-2479955956-1463047001-1120",,,,,"False","5/18/2026 7:17:45 AM","False","False",,,"CN=Domain Users,CN=Users,DC=asap,DC=corp,DC=com","513","Microsoft.ActiveDirectory.Management.ADPropertyValueCollection",,"False","134235874651318445","sbrown","805306368",,"15","Microsoft.ActiveDirectory.Management.ADPropertyValueCollection","S-1-5-21-1686005184-2479955956-1463047001-1120","Microsoft.ActiveDirectory.Management.ADPropertyValueCollection","False",,,"Brown",,"False","False","False","512","Microsoft.ActiveDirectory.Management.ADPropertyValueCollection","sbrown@asap.corp.com","16487","16483","5/18/2026 7:17:45 AM","5/18/2026 7:17:45 AM"
,"9223372036854775807",,"False",,"False","Microsoft.ActiveDirectory.Management.ADPropertyValueCollection","Microsoft.ActiveDirectory.Management.ADPropertyValueCollection","0","0","0","False","asap.corp.com/Security/Nana Mensah","Microsoft.ActiveDirectory.Management.ADPropertyValueCollection",,"Nana Mensah","0",,"Microsoft.ActiveDirectory.Management.ADPropertyValueCollection",,"0","5/18/2026 7:17:45 AM","5/18/2026 7:17:45 AM",,,,,"CN=Nana Mensah,OU=Security,DC=asap,DC=corp,DC=com",,"False","Microsoft.ActiveDirectory.Management.ADPropertyValueCollection",,,,"True",,"Nana",,"False",,,,,"4",,,"Microsoft.ActiveDirectory.Management.ADPropertyValueCollection",,,"0","0",,,"False","0",,,"Microsoft.ActiveDirectory.Management.ADPropertyValueCollection","False",,"5/18/2026 7:17:45 AM","5/18/2026 7:17:45 AM","0","Nana Mensah","System.DirectoryServices.ActiveDirectorySecurity","CN=Person,CN=Schema,CN=Configuration,DC=asap,DC=corp,DC=com","user","d4868a16-2f6b-43f7-8a6b-b784b45be499","S-1-5-21-1686005184-2479955956-1463047001-1121",,,,,"False","5/18/2026 7:17:45 AM","False","False",,,"CN=Domain Users,CN=Users,DC=asap,DC=corp,DC=com","513","Microsoft.ActiveDirectory.Management.ADPropertyValueCollection",,"False","134235874652255992","NanaMensah","805306368",,"15","Microsoft.ActiveDirectory.Management.ADPropertyValueCollection","S-1-5-21-1686005184-2479955956-1463047001-1121","Microsoft.ActiveDirectory.Management.ADPropertyValueCollection","False",,,"Mensah",,"False","False","False","512","Microsoft.ActiveDirectory.Management.ADPropertyValueCollection","NanaMensah@asap.corp.com","16493","16489","5/18/2026 7:17:45 AM","5/18/2026 7:17:45 AM"
,"9223372036854775807",,"False",,"False","Microsoft.ActiveDirectory.Management.ADPropertyValueCollection","Microsoft.ActiveDirectory.Management.ADPropertyValueCollection","0","0","0","False","asap.corp.com/IT/Kelvin Moore","Microsoft.ActiveDirectory.Management.ADPropertyValueCollection",,"Kelvin Moore","0",,"Microsoft.ActiveDirectory.Management.ADPropertyValueCollection",,"0","5/18/2026 11:22:44 PM","5/18/2026 11:22:44 PM",,,,,"CN=Kelvin Moore,OU=IT,DC=asap,DC=corp,DC=com",,"False","Microsoft.ActiveDirectory.Management.ADPropertyValueCollection",,,,"True",,"Kelvin",,"False",,,,,"4",,,"Microsoft.ActiveDirectory.Management.ADPropertyValueCollection",,,"0","0",,,"False","0",,,"Microsoft.ActiveDirectory.Management.ADPropertyValueCollection","False",,"5/18/2026 11:22:45 PM","5/18/2026 11:22:45 PM","0","Kelvin Moore","System.DirectoryServices.ActiveDirectorySecurity","CN=Person,CN=Schema,CN=Configuration,DC=asap,DC=corp,DC=com","user","99e3e12a-f8d5-42fc-b863-afb1401fd2d6","S-1-5-21-1686005184-2479955956-1463047001-1122",,,,,"False","5/18/2026 11:22:45 PM","False","False",,,"CN=Domain Users,CN=Users,DC=asap,DC=corp,DC=com","513","Microsoft.ActiveDirectory.Management.ADPropertyValueCollection",,"False","134236453650807623","jmoore","805306368",,"15","Microsoft.ActiveDirectory.Management.ADPropertyValueCollection","S-1-5-21-1686005184-2479955956-1463047001-1122","Microsoft.ActiveDirectory.Management.ADPropertyValueCollection","False",,,"Moore",,"False","False","False","512","Microsoft.ActiveDirectory.Management.ADPropertyValueCollection","jmoore@asap.corp.com","24597","24593","5/18/2026 11:22:45 PM","5/18/2026 11:22:44 PM"
,"9223372036854775807",,"False",,"False","Microsoft.ActiveDirectory.Management.ADPropertyValueCollection","Microsoft.ActiveDirectory.Management.ADPropertyValueCollection","0","0","0","False","asap.corp.com/HR/Kofi Mensah","Microsoft.ActiveDirectory.Management.ADPropertyValueCollection",,"Kofi Mensah","0",,"Microsoft.ActiveDirectory.Management.ADPropertyValueCollection",,"0","5/18/2026 11:22:45 PM","5/18/2026 11:22:45 PM",,,,,"CN=Kofi Mensah,OU=HR,DC=asap,DC=corp,DC=com",,"False","Microsoft.ActiveDirectory.Management.ADPropertyValueCollection",,,,"True",,"Kofi",,"False",,,,,"4",,,"Microsoft.ActiveDirectory.Management.ADPropertyValueCollection",,,"0","0",,,"False","0",,,"Microsoft.ActiveDirectory.Management.ADPropertyValueCollection","False",,"5/18/2026 11:22:46 PM","5/18/2026 11:22:46 PM","0","Kofi Mensah","System.DirectoryServices.ActiveDirectorySecurity","CN=Person,CN=Schema,CN=Configuration,DC=asap,DC=corp,DC=com","user","5cbd9718-7a1c-4c87-a792-ad9c456a1d19","S-1-5-21-1686005184-2479955956-1463047001-1123",,,,,"False","5/18/2026 11:22:46 PM","False","False",,,"CN=Domain Users,CN=Users,DC=asap,DC=corp,DC=com","513","Microsoft.ActiveDirectory.Management.ADPropertyValueCollection",,"False","134236453660496043","Kofimensah","805306368",,"15","Microsoft.ActiveDirectory.Management.ADPropertyValueCollection","S-1-5-21-1686005184-2479955956-1463047001-1123","Microsoft.ActiveDirectory.Management.ADPropertyValueCollection","False",,,"Mensah",,"False","False","False","512","Microsoft.ActiveDirectory.Management.ADPropertyValueCollection","Kofimensah@asap.corp.com","24606","24602","5/18/2026 11:22:46 PM","5/18/2026 11:22:45 PM"
,"9223372036854775807",,"False",,"False","Microsoft.ActiveDirectory.Management.ADPropertyValueCollection","Microsoft.ActiveDirectory.Management.ADPropertyValueCollection","0","0","0","False","asap.corp.com/Finance/Kwesi Ansah","Microsoft.ActiveDirectory.Management.ADPropertyValueCollection",,"Kwesi Ansah","0",,"Microsoft.ActiveDirectory.Management.ADPropertyValueCollection",,"0","5/18/2026 11:22:46 PM","5/18/2026 11:22:46 PM",,,,,"CN=Kwesi Ansah,OU=Finance,DC=asap,DC=corp,DC=com",,"False","Microsoft.ActiveDirectory.Management.ADPropertyValueCollection",,,,"True",,"Kwesi",,"False",,,,,"4",,,"Microsoft.ActiveDirectory.Management.ADPropertyValueCollection",,,"0","0",,,"False","0",,,"Microsoft.ActiveDirectory.Management.ADPropertyValueCollection","False",,"5/18/2026 11:22:46 PM","5/18/2026 11:22:46 PM","0","Kwesi Ansah","System.DirectoryServices.ActiveDirectorySecurity","CN=Person,CN=Schema,CN=Configuration,DC=asap,DC=corp,DC=com","user","ebc735bd-bfb6-43b5-95a4-765bde570e71","S-1-5-21-1686005184-2479955956-1463047001-1124",,,,,"False","5/18/2026 11:22:46 PM","False","False",,,"CN=Domain Users,CN=Users,DC=asap,DC=corp,DC=com","513","Microsoft.ActiveDirectory.Management.ADPropertyValueCollection",,"False","134236453664715070","KweAnsah","805306368",,"15","Microsoft.ActiveDirectory.Management.ADPropertyValueCollection","S-1-5-21-1686005184-2479955956-1463047001-1124","Microsoft.ActiveDirectory.Management.ADPropertyValueCollection","False",,,"Ansah",,"False","False","False","512","Microsoft.ActiveDirectory.Management.ADPropertyValueCollection","KweAnsah@asap.corp.com","24615","24611","5/18/2026 11:22:46 PM","5/18/2026 11:22:46 PM"
,"9223372036854775807",,"False",,"False","Microsoft.ActiveDirectory.Management.ADPropertyValueCollection","Microsoft.ActiveDirectory.Management.ADPropertyValueCollection","0","0","0","False","asap.corp.com/Security/Jason Ossei","Microsoft.ActiveDirectory.Management.ADPropertyValueCollection",,"Jason Ossei","0",,"Microsoft.ActiveDirectory.Management.ADPropertyValueCollection",,"0","5/18/2026 11:22:46 PM","5/18/2026 11:22:46 PM",,,,,"CN=Jason Ossei,OU=Security,DC=asap,DC=corp,DC=com",,"False","Microsoft.ActiveDirectory.Management.ADPropertyValueCollection",,,,"True",,"Jason",,"False",,,,,"4",,,"Microsoft.ActiveDirectory.Management.ADPropertyValueCollection",,,"0","0",,,"False","0",,,"Microsoft.ActiveDirectory.Management.ADPropertyValueCollection","False",,"5/18/2026 11:22:46 PM","5/18/2026 11:22:46 PM","0","Jason Ossei","System.DirectoryServices.ActiveDirectorySecurity","CN=Person,CN=Schema,CN=Configuration,DC=asap,DC=corp,DC=com","user","dc18c143-d9e0-4c78-98cd-3980aae6737b","S-1-5-21-1686005184-2479955956-1463047001-1125",,,,,"False","5/18/2026 11:22:46 PM","False","False",,,"CN=Domain Users,CN=Users,DC=asap,DC=corp,DC=com","513","Microsoft.ActiveDirectory.Management.ADPropertyValueCollection",,"False","134236453668778866","Jossei","805306368",,"15","Microsoft.ActiveDirectory.Management.ADPropertyValueCollection","S-1-5-21-1686005184-2479955956-1463047001-1125","Microsoft.ActiveDirectory.Management.ADPropertyValueCollection","False",,,"Ossei",,"False","False","False","512","Microsoft.ActiveDirectory.Management.ADPropertyValueCollection","Jossei@asap.corp.com","24624","24620","5/18/2026 11:22:46 PM","5/18/2026 11:22:46 PM"
,"9223372036854775807",,"False",,"False","Microsoft.ActiveDirectory.Management.ADPropertyValueCollection","Microsoft.ActiveDirectory.Management.ADPropertyValueCollection","0","0","0","False","asap.corp.com/Security/Nana Kobina","Microsoft.ActiveDirectory.Management.ADPropertyValueCollection",,"Nana Kobina","0",,"Microsoft.ActiveDirectory.Management.ADPropertyValueCollection",,"0","5/18/2026 11:22:47 PM","5/18/2026 11:22:47 PM",,,,,"CN=Nana Kobina,OU=Security,DC=asap,DC=corp,DC=com",,"False","Microsoft.ActiveDirectory.Management.ADPropertyValueCollection",,,,"True",,"Nana",,"False",,,,,"4",,,"Microsoft.ActiveDirectory.Management.ADPropertyValueCollection",,,"0","0",,,"False","0",,,"Microsoft.ActiveDirectory.Management.ADPropertyValueCollection","False",,"5/18/2026 11:22:47 PM","5/18/2026 11:22:47 PM","0","Nana Kobina","System.DirectoryServices.ActiveDirectorySecurity","CN=Person,CN=Schema,CN=Configuration,DC=asap,DC=corp,DC=com","user","da91cc52-b7de-43c0-93e5-5735cd75efcc","S-1-5-21-1686005184-2479955956-1463047001-1126",,,,,"False","5/18/2026 11:22:47 PM","False","False",,,"CN=Domain Users,CN=Users,DC=asap,DC=corp,DC=com","513","Microsoft.ActiveDirectory.Management.ADPropertyValueCollection",,"False","134236453673308170","NanaKobina","805306368",,"15","Microsoft.ActiveDirectory.Management.ADPropertyValueCollection","S-1-5-21-1686005184-2479955956-1463047001-1126","Microsoft.ActiveDirectory.Management.ADPropertyValueCollection","False",,,"Kobina",,"False","False","False","512","Microsoft.ActiveDirectory.Management.ADPropertyValueCollection","NanaKobina@asap.corp.com","24633","24629","5/18/2026 11:22:47 PM","5/18/2026 11:22:47 PM"
